{"widgets":[{"frames":[{"content":"<h2 style=\"text-align: center;\">Business Consulting<br /> with Limitless Potential</h2>\n<p style=\"text-align: center;\">From resource planning and conflict management to strategic planning and market research, <br />our experts offer the best advice.</p>\n<p style=\"text-align: center;\">[buttons]</p>\n","content_selected_editor":"html","buttons":[{"button":{"text":"LET'S TALK","url":"","button_icon":{"icon_selected":"","icon_color":false,"icon":0,"icon_placement":"left","so_field_container_state":"closed"},"design":{"width":false,"width_unit":"px","theme":"flat","button_color":"#4d8ffb","text_color":false,"hover":true,"hover_background_color":false,"hover_text_color":false,"font":"default","font_size":"1.15","rounding":"0","padding":"1","so_field_container_state":"open"},"attributes":{"id":"","classes":"","title":"","onclick":"","rel":"","so_field_container_state":"closed"},"new_window":false,"download":false}}],"background":{"image":0,"image_fallback":"https://demo.purothemes.com/polestar/wp-content/uploads/sites/4/2018/06/business-consultant.jpg","size":"full","image_type":"cover","opacity":35,"color":"#222222","url":"","so_field_container_state":"closed","new_window":false,"videos":[],"loop_background_videos":false}}],"controls":{"autoplay":true,"speed":800,"timeout":8000,"nav_color_hex":"#FFFFFF","nav_style":"thin","nav_size":25,"swipe":true,"unmute_position":"top_right","so_field_container_state":"closed","autoplay_hover":false,"nav_always_show_desktop":false,"nav_always_show_mobile":false,"unmute":false,"background_video_mobile":false},"layout":{"desktop":{"height":"720px","height_unit":"px","padding":"50px","padding_unit":"px","extra_top_padding":"140px","extra_top_padding_unit":"px","padding_sides":"5%","padding_sides_unit":"%","width":"1280px","width_unit":"px","so_field_container_state":"closed"},"mobile":{"height_responsive":false,"height_responsive_unit":"px","padding":false,"padding_unit":"px","extra_top_padding":false,"extra_top_padding_unit":"px","padding_sides":false,"padding_sides_unit":"px","so_field_container_state":"closed"},"so_field_container_state":"closed","vertically_align":false},"design":{"heading_font":"","heading_color":"#FFFFFF","heading_size":"55px","heading_size_unit":"px","fittext":true,"fittext_compressor":1.25,"heading_shadow":10,"text_color":"#ffffff","text_size":"18px","text_size_unit":"px","text_font":"","text_shadow":0.05,"link_color":false,"link_color_hover":false,"so_field_container_state":"open"},"_sow_form_id":"5870ca6e25a29","_sow_form_timestamp":"1634991726402","so_sidebar_emulator_id":"sow-hero-33910000","option_name":"widget_sow-hero","panels_info":{"class":"SiteOrigin_Widget_Hero_Widget","raw":false,"grid":0,"cell":0,"id":0,"widget_id":"d69ac93a-684d-4569-92f7-3c16877746d3","style":{"background_image_attachment":false,"background_display":"tile"}}},{"headline":{"text":"<b>WHAT</b> WE DO...","destination_url":"","tag":"h2","color":"#292929","hover_color":false,"font":"default","font_size":"60px","font_size_unit":"px","align":"left","mobile_align":"left","line_height":false,"line_height_unit":"px","margin":"0px","margin_unit":"px","so_field_container_state":"closed","new_window":false},"sub_headline":{"text":"We offer a variety of services to our clients including","destination_url":"","tag":"p","color":"#404040","hover_color":false,"font":"default","font_size":"21px","font_size_unit":"px","align":"left","mobile_align":"left","line_height":false,"line_height_unit":"px","margin":"0%","margin_unit":"%","so_field_container_state":"closed","new_window":false},"divider":{"style":"none","color":"#404040","thickness":2,"align":"center","mobile_align":"center","width":"10%","width_unit":"%","margin":false,"margin_unit":"px","so_field_container_state":"closed"},"order":["headline","sub_headline","divider"],"fittext":true,"fittext_compressor":0.85,"_sow_form_id":"5870da3c0b983","_sow_form_timestamp":"1634991162208","so_sidebar_emulator_id":"sow-headline-33910001","option_name":"widget_sow-headline","panels_info":{"class":"SiteOrigin_Widget_Headline_Widget","raw":false,"grid":1,"cell":0,"id":1,"widget_id":"5b0c0aea-bc6b-4533-8cec-c34d54cf5a99","style":{"mobile_padding":"0% 5% 0% 5%","background_image_attachment":false,"background_display":"tile"}}},{"features":[{"container_color":"#404040","container_position":"top","icon":"elegantline-linegraph","icon_title":"MARKET RESEARCH","icon_color":"#404040","icon_image":0,"icon_image_size":"full","title":"MARKET RESEARCH","text":"Lorem ipsum dolor sit amet, consectetur adipiscing elit. Cur tantas regiones barbarorum pedibus obiit, tot maria transmisit.","text_selected_editor":"html","more_text":"","more_url":""},{"container_color":"#404040","container_position":"top","icon":"elegantline-strategy","icon_title":"STRATEGIC PLANNING","icon_color":"#404040","icon_image":0,"icon_image_size":"full","title":"STRATEGIC PLANNING","text":"<p>Lorem ipsum dolor sit amet, consectetur adipiscing elit. Cur tantas regiones barbarorum pedibus obiit, tot maria transmisit.</p>\n","text_selected_editor":"tmce","more_text":"","more_url":""},{"container_color":"#404040","container_position":"top","icon":"elegantline-profile-male","icon_title":"RESOURCES PLANNING","icon_color":"#404040","icon_image":0,"icon_image_size":"full","title":"RESOURCES PLANNING","text":"<p>Lorem ipsum dolor sit amet, consectetur adipiscing elit. Cur tantas regiones barbarorum pedibus obiit, tot maria transmisit.</p>\n","text_selected_editor":"tmce","more_text":"","more_url":""},{"container_color":"#404040","container_position":"top","icon":"elegantline-sad","icon_title":"CONFLICT MANAGEMENT","icon_color":"#404040","icon_image":0,"icon_image_size":"full","title":"CONFLICT MANAGEMENT","text":"Lorem ipsum dolor sit amet, consectetur adipiscing elit. Cur tantas regiones barbarorum pedibus obiit, tot maria transmisit.","text_selected_editor":"html","more_text":"","more_url":""},{"container_color":"#404040","container_position":"top","icon":"elegantline-attachment","icon_title":"LEADERSHIP TRAINING","icon_color":"#404040","icon_image":0,"icon_image_size":"full","title":"LEADERSHIP TRAINING","text":"<p>Lorem ipsum dolor sit amet, consectetur adipiscing elit. Cur tantas regiones barbarorum pedibus obiit, tot maria transmisit.</p>\n","text_selected_editor":"tmce","more_text":"","more_url":""},{"container_color":"#404040","container_position":"top","icon":"elegantline-lightbulb","icon_title":"EXIT PLANNING","icon_color":"#404040","icon_image":0,"icon_image_size":"full","title":"EXIT PLANNING","text":"<p>Lorem ipsum dolor sit amet, consectetur adipiscing elit. Cur tantas regiones barbarorum pedibus obiit, tot maria transmisit.</p>\n","text_selected_editor":"tmce","more_text":"","more_url":""}],"fonts":{"title_options":{"font":"default","size":"1.4em","size_unit":"em","color":false,"so_field_container_state":"closed"},"text_options":{"font":"default","size":false,"size_unit":"px","color":false,"so_field_container_state":"closed"},"more_text_options":{"font":"default","size":false,"size_unit":"px","color":false,"so_field_container_state":"closed"},"so_field_container_state":"closed"},"container_shape":"","container_size":"100px","container_size_unit":"px","icon_size":"65px","icon_size_unit":"px","per_row":3,"responsive":true,"_sow_form_id":"59075fbed5e25","_sow_form_timestamp":"1573906604202","icon_size_custom":false,"title_link":false,"icon_link":false,"new_window":false,"so_sidebar_emulator_id":"sow-features-33910002","option_name":"widget_sow-features","panels_info":{"class":"SiteOrigin_Widget_Features_Widget","raw":false,"grid":1,"cell":0,"id":2,"widget_id":"51c81ef3-f78d-475d-9acd-8eeb80b2394d","style":{"mobile_padding":"0% 5% 0% 5%","background_image_attachment":false,"background_display":"tile","margin":"2.5% 0% 0% 0%"}}},{"headline":{"text":"2,785","destination_url":"","tag":"h3","color":"#ffffff","hover_color":false,"font":"default","font_size":"4em","font_size_unit":"em","align":"center","line_height":false,"line_height_unit":"px","margin":"0px","margin_unit":"px","so_field_container_state":"closed","new_window":false},"sub_headline":{"text":"Leaders Trained","destination_url":"","tag":"p","color":"#ffffff","hover_color":false,"font":"default","font_size":"1.4em","font_size_unit":"em","align":"center","line_height":false,"line_height_unit":"px","margin":"0%","margin_unit":"%","so_field_container_state":"closed","new_window":false},"divider":{"style":"none","color":"#292929","thickness":2,"align":"center","width":"10%","width_unit":"%","margin":false,"margin_unit":"px","so_field_container_state":"closed"},"order":["headline","sub_headline","divider"],"fittext_compressor":0.85,"_sow_form_id":"590765510d485","_sow_form_timestamp":"1573903878575","fittext":false,"so_sidebar_emulator_id":"sow-headline-33910003","option_name":"widget_sow-headline","panels_info":{"class":"SiteOrigin_Widget_Headline_Widget","raw":false,"grid":2,"cell":0,"id":3,"widget_id":"5b0c0aea-bc6b-4533-8cec-c34d54cf5a99","style":{"mobile_padding":"0% 5% 0% 5%","background_image_attachment":false,"background_display":"tile"}}},{"headline":{"text":"1,378","destination_url":"","tag":"h3","color":"#ffffff","hover_color":false,"font":"default","font_size":"4em","font_size_unit":"em","align":"center","line_height":false,"line_height_unit":"px","margin":"0px","margin_unit":"px","so_field_container_state":"closed","new_window":false},"sub_headline":{"text":"Satisfied Clients","destination_url":"","tag":"p","color":"#ffffff","hover_color":false,"font":"default","font_size":"1.4em","font_size_unit":"em","align":"center","line_height":false,"line_height_unit":"px","margin":"0%","margin_unit":"%","so_field_container_state":"closed","new_window":false},"divider":{"style":"none","color":"#292929","thickness":2,"align":"center","width":"10%","width_unit":"%","margin":false,"margin_unit":"px","so_field_container_state":"closed"},"order":["headline","sub_headline","divider"],"fittext_compressor":0.85,"_sow_form_id":"590765d9bb8a4","_sow_form_timestamp":"1573903903594","fittext":false,"so_sidebar_emulator_id":"sow-headline-33910004","option_name":"widget_sow-headline","panels_info":{"class":"SiteOrigin_Widget_Headline_Widget","raw":false,"grid":2,"cell":1,"id":4,"widget_id":"5b0c0aea-bc6b-4533-8cec-c34d54cf5a99","style":{"mobile_padding":"0% 5% 0% 5%","background_image_attachment":false,"background_display":"tile"}}},{"headline":{"text":"21","destination_url":"","tag":"h3","color":"#ffffff","hover_color":false,"font":"default","font_size":"4em","font_size_unit":"em","align":"center","line_height":false,"line_height_unit":"px","margin":"0px","margin_unit":"px","so_field_container_state":"closed","new_window":false},"sub_headline":{"text":"Awards Won","destination_url":"","tag":"p","color":"#ffffff","hover_color":false,"font":"default","font_size":"1.4em","font_size_unit":"em","align":"center","line_height":false,"line_height_unit":"px","margin":"0%","margin_unit":"%","so_field_container_state":"closed","new_window":false},"divider":{"style":"none","color":"#292929","thickness":2,"align":"center","width":"10%","width_unit":"%","margin":false,"margin_unit":"px","so_field_container_state":"closed"},"order":["headline","sub_headline","divider"],"fittext_compressor":0.85,"_sow_form_id":"59076601c275e","_sow_form_timestamp":"1573903910853","fittext":false,"so_sidebar_emulator_id":"sow-headline-33910005","option_name":"widget_sow-headline","panels_info":{"class":"SiteOrigin_Widget_Headline_Widget","raw":false,"grid":2,"cell":2,"id":5,"widget_id":"5b0c0aea-bc6b-4533-8cec-c34d54cf5a99","style":{"mobile_padding":"0% 5% 0% 5%","background_image_attachment":false,"background_display":"tile"}}},{"headline":{"text":"15","destination_url":"","tag":"h3","color":"#ffffff","hover_color":false,"font":"default","font_size":"4em","font_size_unit":"em","align":"center","line_height":false,"line_height_unit":"px","margin":"0px","margin_unit":"px","so_field_container_state":"closed","new_window":false},"sub_headline":{"text":"Consultants","destination_url":"","tag":"p","color":"#ffffff","hover_color":false,"font":"default","font_size":"1.4em","font_size_unit":"em","align":"center","line_height":false,"line_height_unit":"px","margin":"0%","margin_unit":"%","so_field_container_state":"closed","new_window":false},"divider":{"style":"none","color":"#292929","thickness":2,"align":"center","width":"10%","width_unit":"%","margin":false,"margin_unit":"px","so_field_container_state":"closed"},"order":["headline","sub_headline","divider"],"fittext_compressor":0.85,"_sow_form_id":"59076617231f7","_sow_form_timestamp":"1573903919287","fittext":false,"so_sidebar_emulator_id":"sow-headline-33910006","option_name":"widget_sow-headline","panels_info":{"class":"SiteOrigin_Widget_Headline_Widget","raw":false,"grid":2,"cell":3,"id":6,"widget_id":"5b0c0aea-bc6b-4533-8cec-c34d54cf5a99","style":{"mobile_padding":"0% 5% 0% 5%","background_image_attachment":false,"background_display":"tile"}}},{"headline":{"text":"<b>WHAT</b> THEY SAY...","destination_url":"","tag":"h2","color":"#404040","hover_color":false,"font":"default","font_size":"60px","font_size_unit":"px","align":"left","mobile_align":"left","line_height":false,"line_height_unit":"px","margin":"0px","margin_unit":"px","so_field_container_state":"closed","new_window":false},"sub_headline":{"text":"What are our clients are saying about us?","destination_url":"","tag":"p","color":"#404040","hover_color":false,"font":"default","font_size":"21px","font_size_unit":"px","align":"left","mobile_align":"left","line_height":false,"line_height_unit":"px","margin":"0%","margin_unit":"%","so_field_container_state":"closed","new_window":false},"divider":{"style":"none","color":"#292929","thickness":2,"align":"center","mobile_align":"center","width":"10%","width_unit":"%","margin":false,"margin_unit":"px","so_field_container_state":"closed"},"order":["headline","sub_headline","divider"],"fittext":true,"fittext_compressor":0.85,"_sow_form_id":"5870f4e9c49fa","_sow_form_timestamp":"1634991314336","so_sidebar_emulator_id":"sow-headline-33910007","option_name":"widget_sow-headline","panels_info":{"class":"SiteOrigin_Widget_Headline_Widget","raw":false,"grid":3,"cell":0,"id":7,"widget_id":"5b0c0aea-bc6b-4533-8cec-c34d54cf5a99","style":{"mobile_padding":"0% 5% 0% 5%","background_image_attachment":false,"background_display":"tile"}}},{"title":"","testimonials":[{"name":"JAMES SMITH","location":"","image":0,"image_fallback":"https://demo.purothemes.com/polestar/wp-content/uploads/sites/4/2018/06/james-smith.jpg","text":"<p>Et suas dissentiet accommodare mea, utamur disputando id nec. Ne diam dolore posidonium est, pri te errem accusamus appellantur. Dolore ignota integre mel cu, facer melius euismod no eam.</p>\n","text_selected_editor":"tinymce","url":"","link_name":false,"link_image":false,"new_window":false},{"name":"JANE ADAMS","location":"","image":0,"image_fallback":"https://demo.purothemes.com/polestar/wp-content/uploads/sites/4/2018/06/jane-adams.jpg","text":"<p>Et suas dissentiet accommodare mea, utamur disputando id nec. Ne diam dolore posidonium est, pri te errem accusamus appellantur. Dolore ignota integre mel cu, facer melius euismod no eam.</p>\n","text_selected_editor":"tinymce","url":"","link_name":false,"link_image":false,"new_window":false},{"name":"MICHAEL CLAY","location":"","image":0,"image_fallback":"https://demo.purothemes.com/polestar/wp-content/uploads/sites/4/2018/06/michael-clay.jpg","text":"<p>Et suas dissentiet accommodare mea, utamur disputando id nec. Ne diam dolore posidonium est, pri te errem accusamus appellantur. Dolore ignota integre mel cu, facer melius euismod no eam.</p>\n","text_selected_editor":"tinymce","url":"","link_name":false,"link_image":false,"new_window":false}],"settings":{"per_line":2,"responsive":{"tablet":{"per_line":1,"image_size":50,"width":800,"so_field_container_state":"closed"},"mobile":{"per_line":1,"image_size":50,"width":480,"so_field_container_state":"closed"},"so_field_container_state":"closed"},"so_field_container_state":"open"},"design":{"image":{"image_shape":"round","image_size":60,"so_field_container_state":"closed"},"colors":{"testimonial_background":false,"text_background":"#f0f0f0","text_color":"#444444","so_field_container_state":"closed"},"padding":10,"border_radius":4,"user_position":"left","layout":"side","so_field_container_state":"closed","equalize_testimonial_height":false},"_sow_form_id":"590771308c89f","_sow_form_timestamp":"1634991782267","so_sidebar_emulator_id":"sow-testimonials-33910008","option_name":"widget_sow-testimonials","panels_info":{"class":"SiteOrigin_Widgets_Testimonials_Widget","raw":false,"grid":3,"cell":0,"id":8,"widget_id":"7578f862-5078-4c9d-981d-701f9c0f26fd","style":{"mobile_padding":"0% 5% 0% 5%","background_image_attachment":false,"background_display":"tile","margin":"2.5% 0% 0% 0%"}}},{"headline":{"text":"<b>NEW</b> FROM THE BLOG...","destination_url":"","tag":"h2","color":"#404040","hover_color":false,"font":"default","font_size":"4em","font_size_unit":"em","align":"left","line_height":false,"line_height_unit":"px","margin":"0px","margin_unit":"px","so_field_container_state":"closed","new_window":false},"sub_headline":{"text":"Praesent vestibulum molestie lacus. Aenean nonummy hendrerit mauris","destination_url":"","tag":"p","color":"#404040","hover_color":false,"font":"default","font_size":"1.4em","font_size_unit":"em","align":"left","line_height":false,"line_height_unit":"px","margin":"0%","margin_unit":"%","so_field_container_state":"closed","new_window":false},"divider":{"style":"none","color":"#292929","thickness":2,"align":"center","width":"10%","width_unit":"%","margin":false,"margin_unit":"px","so_field_container_state":"closed"},"order":["headline","sub_headline","divider"],"fittext":true,"fittext_compressor":0.85,"_sow_form_id":"5870fbbb56bf4","_sow_form_timestamp":"1573837925001","so_sidebar_emulator_id":"sow-headline-33910009","option_name":"widget_sow-headline","panels_info":{"class":"SiteOrigin_Widget_Headline_Widget","raw":false,"grid":4,"cell":0,"id":9,"widget_id":"5b0c0aea-bc6b-4533-8cec-c34d54cf5a99","style":{"mobile_padding":"0% 5% 0% 5%","background_image_attachment":false,"background_display":"tile"}}},{"title":"","default_thumbnail":0,"default_thumbnail_fallback":"","image_size":"sow-carousel-default","link_target":"same","loop_posts":true,"posts":"post_type=post&tax_query_relation=OR&date_type=specific&date_query={\"after\":\"\",\"before\":\"\"}&date_query_relative={\"from\":[],\"to\":[]}&orderby=date&order=DESC","design":{"thumbnail":{"thumbnail_overlay_hover_color":"#3279BB","thumbnail_overlay_hover_opacity":0.5,"so_field_container_state":"closed"},"item_title":{"tag":"h3","font":"default","size":false,"size_unit":"px","color":false,"so_field_container_state":"closed"},"navigation":{"navigation_color":"#fff","navigation_color_hover":false,"navigation_background":"#333","navigation_hover_background":"#444","so_field_container_state":"closed"},"so_field_container_state":"closed"},"responsive":{"desktop":{"slides_to_scroll":3,"navigation":true,"so_field_container_state":"closed"},"tablet":{"landscape":{"breakpoint":false,"slides_to_scroll":false,"navigation":true,"so_field_container_state":"closed"},"portrait":{"breakpoint":false,"slides_to_scroll":false,"navigation":true,"so_field_container_state":"closed"},"so_field_container_state":"closed"},"mobile":{"breakpoint":false,"slides_to_scroll":false,"navigation":true,"so_field_container_state":"closed"},"so_field_container_state":"closed"},"_sow_form_id":"590776675c84d","_sow_form_timestamp":"1634990989072","so_sidebar_emulator_id":"sow-post-carousel-33910010","option_name":"widget_sow-post-carousel","panels_info":{"class":"SiteOrigin_Widget_PostCarousel_Widget","raw":false,"grid":4,"cell":0,"id":10,"widget_id":"823abc0c-4211-4a40-9736-9d1195029b9b","style":{"padding":"0px 0px 0px 0px","mobile_padding":"0% 5% 0% 5%","background_image_attachment":false,"background_display":"tile","margin":"2.5% 0% 0% 0%"}}},{"headline":{"text":"Optimizing every area of your business!","destination_url":"","tag":"h2","color":"#ffffff","hover_color":false,"font":"default","font_size":"58px","font_size_unit":"px","align":"center","mobile_align":"center","line_height":false,"line_height_unit":"px","margin":"25px","margin_unit":"px","so_field_container_state":"closed","new_window":false},"sub_headline":{"text":"From market research, design and prototyping to production and delivery, we cover it all.","destination_url":"","tag":"p","color":"#ffffff","hover_color":false,"font":"default","font_size":"20px","font_size_unit":"px","align":"center","mobile_align":"center","line_height":false,"line_height_unit":"px","margin":false,"margin_unit":"%","so_field_container_state":"closed","new_window":false},"divider":{"style":"none","color":"#292929","thickness":2,"align":"center","mobile_align":"center","width":"10%","width_unit":"%","margin":false,"margin_unit":"px","so_field_container_state":"closed"},"order":["headline","sub_headline","divider"],"fittext":true,"fittext_compressor":0.85,"_sow_form_id":"5873e408597e9","_sow_form_timestamp":"1634991666159","so_sidebar_emulator_id":"sow-headline-33910011","option_name":"widget_sow-headline","panels_info":{"class":"SiteOrigin_Widget_Headline_Widget","raw":false,"grid":5,"cell":0,"id":11,"widget_id":"5b0c0aea-bc6b-4533-8cec-c34d54cf5a99","style":{"background_image_attachment":false,"background_display":"tile"}}},{"headline":{"text":"<b>GET</b> IN TOUCH...","destination_url":"","tag":"h2","color":"#292929","hover_color":false,"font":"default","font_size":"60px","font_size_unit":"px","align":"left","mobile_align":"left","line_height":false,"line_height_unit":"px","margin":"0px","margin_unit":"px","so_field_container_state":"closed","new_window":false},"sub_headline":{"text":"To arrange a consultation or workshop, send us a message. ","destination_url":"","tag":"p","color":"#292929","hover_color":false,"font":"default","font_size":"21px","font_size_unit":"px","align":"left","mobile_align":"left","line_height":false,"line_height_unit":"px","margin":"0%","margin_unit":"%","so_field_container_state":"closed","new_window":false},"divider":{"style":"none","color":"#292929","thickness":2,"align":"center","mobile_align":"center","width":"10%","width_unit":"%","margin":false,"margin_unit":"px","so_field_container_state":"closed"},"order":["headline","sub_headline","divider"],"fittext":true,"fittext_compressor":0.85,"_sow_form_id":"5873e6be851cc","_sow_form_timestamp":"1634991653503","so_sidebar_emulator_id":"sow-headline-33910012","option_name":"widget_sow-headline","panels_info":{"class":"SiteOrigin_Widget_Headline_Widget","raw":false,"grid":6,"cell":0,"id":12,"widget_id":"5b0c0aea-bc6b-4533-8cec-c34d54cf5a99","style":{"mobile_padding":"0% 5% 0% 5%","background_image_attachment":false,"background_display":"tile"}}},{"title":"Contact Us","settings":{"to":"support@siteorigin.com","from":"support@siteorigin.com","default_subject":"","subject_prefix":"","success_message":"<p>Thanks for contacting us. We'll get back to you shortly.</p>\n","success_message_selected_editor":"tinymce","submit_text":"SUBMIT","submit_id":"","onclick":"","required_field_indicator_message":"","so_field_container_state":"closed","required_field_indicator":false,"log_ip_address":false},"fields":[{"type":"name","label":"Your Name","description":"","required":{"required":true,"missing_message":"Please enter your name","so_field_container_state":"open"},"options":[]},{"type":"email","label":"Your Email","description":"","required":{"required":true,"missing_message":"Please enter a valid email address","so_field_container_state":"open"},"options":[]},{"type":"subject","label":"Subject","description":"","required":{"required":true,"missing_message":"Please enter a subject","so_field_container_state":"open"},"options":[]},{"type":"textarea","label":"Message","description":"","required":{"required":true,"missing_message":"Please write something","so_field_container_state":"open"},"options":[]}],"spam":{"recaptcha":{"site_key":"","secret_key":"","theme":"light","type":"image","size":"normal","so_field_container_state":"open","use_captcha":false},"akismet":{"use_akismet":true,"spam_action":"error","so_field_container_state":"open"},"so_field_container_state":"closed"},"design":{"container":{"background":false,"padding":"0px","padding_unit":"px","border_color":false,"border_width":"0px","border_width_unit":"px","border_style":"solid","so_field_container_state":"closed"},"labels":{"font":"default","size":"1.1em","size_unit":"em","color":false,"position":"above","width":false,"width_unit":"px","align":"left","so_field_container_state":"closed"},"fields":{"font":"default","font_size":false,"font_size_unit":"px","color":false,"margin":false,"margin_unit":"px","padding":false,"padding_unit":"px","height":false,"height_unit":"px","height_textarea":false,"height_textarea_unit":"px","background":false,"border_color":false,"border_width":false,"border_width_unit":"px","border_style":"solid","border_radius":0,"so_field_container_state":"closed"},"descriptions":{"size":"0.9em","size_unit":"em","color":"#999999","style":"italic","so_field_container_state":"closed"},"errors":{"background":"#fce4e5","border_color":"#ec666a","text_color":"#ec666a","padding":"5px","padding_unit":"px","margin":"10px","margin_unit":"px","so_field_container_state":"closed"},"submit":{"styled":true,"background_color":"#4d8ffb","background_gradient":0,"border_color":"#4d8ffb","border_style":"solid","border_width":"0px","border_width_unit":"px","border_radius":0,"text_color":"#ffffff","font_size":"1.15em","font_size_unit":"em","weight":"500","padding":"15px","padding_unit":"px","width":false,"width_unit":"px","align":"left","inset_highlight":0,"so_field_container_state":"closed"},"focus":{"style":"solid","color":false,"width":"1px","width_unit":"px","so_field_container_state":"closed"},"so_field_container_state":"closed"},"_sow_form_id":"5873e77c1f309","_sow_form_timestamp":"1577019671084","display_title":false,"so_sidebar_emulator_id":"sow-contact-form-33910013","option_name":"widget_sow-contact-form","panels_info":{"class":"SiteOrigin_Widgets_ContactForm_Widget","raw":false,"grid":6,"cell":0,"id":13,"widget_id":"10fcbae1-079b-4382-8880-00d5ed3d330a","style":{"mobile_padding":"0% 5% 0% 5%","background_image_attachment":false,"background_display":"tile","margin":"2.5% 0% 0% 0%"}}}],"grids":[{"cells":1,"style":{"background_image_attachment":false,"background_display":"tile","lsow_dark_bg":"","bottom_margin":"0px","row_stretch":"full-stretched","cell_alignment":"flex-start"},"label":"Main Slider"},{"cells":1,"style":{"id":"services","padding":"10% 0% 10% 0%","mobile_padding":"20% 0% 20% 0%","background":"#ffffff","background_image_attachment":false,"background_display":"tile","lsow_dark_bg":"","bottom_margin":"0px","row_stretch":"full","cell_alignment":"flex-start"},"color_label":2,"label":"What We Do"},{"cells":4,"style":{"id":"statistics","padding":"10% 0% 10% 0%","mobile_padding":"20% 0% 20% 0%","background":"#171717","background_image_attachment":false,"background_display":"tile","lsow_dark_bg":"","bottom_margin":"0px","row_stretch":"full","cell_alignment":"center"},"color_label":3,"label":"Stats"},{"cells":1,"style":{"id":"testimonials","padding":"10% 0% 10% 0%","mobile_padding":"20% 0% 20% 0%","background":"#f9f9f9","background_image_attachment":false,"background_display":"tile","border_color":"#f9f9f9","lsow_dark_bg":"","bottom_margin":"0px","row_stretch":"full","cell_alignment":"flex-start"},"color_label":4,"label":"What They Say"},{"cells":1,"style":{"id":"blog","padding":"10% 0% 10% 0%","mobile_padding":"20% 0% 20% 0%","background":"#ffffff","background_image_attachment":false,"background_display":"tile","lsow_dark_bg":"","bottom_margin":"0px","row_stretch":"full","cell_alignment":"flex-start"},"color_label":5,"label":"From The Blog"},{"cells":1,"style":{"id":"parallax","padding":"20% 0% 20% 0%","mobile_padding":"30% 5% 30% 5%","background_image_attachment":false,"background_image_attachment_fallback":"https://demo.purothemes.com/polestar/wp-content/uploads/sites/4/2018/06/optimizing.jpg","background_display":"fixed","lsow_dark_bg":"","bottom_margin":"0px","row_stretch":"full-stretched-padded","cell_alignment":"center"},"color_label":1,"label":"Fixed Background"},{"cells":1,"style":{"id":"contact","padding":"10% 0% 10% 0%","mobile_padding":"20% 0% 20% 0%","background":"#ffffff","background_image_attachment":false,"background_display":"tile","lsow_dark_bg":"","row_stretch":"full","cell_alignment":"flex-start"},"color_label":2,"label":"Get In Touch"}],"grid_cells":[{"grid":0,"index":0,"weight":1,"style":[]},{"grid":1,"index":0,"weight":1,"style":{"background_image_attachment":false,"background_display":"tile","vertical_alignment":"auto"}},{"grid":2,"index":0,"weight":0.25,"style":{"background_image_attachment":false,"background_display":"tile","vertical_alignment":"auto"}},{"grid":2,"index":1,"weight":0.25,"style":{"background_image_attachment":false,"background_display":"tile","vertical_alignment":"auto"}},{"grid":2,"index":2,"weight":0.25,"style":{"background_image_attachment":false,"background_display":"tile","vertical_alignment":"auto"}},{"grid":2,"index":3,"weight":0.25,"style":{"background_image_attachment":false,"background_display":"tile","vertical_alignment":"auto"}},{"grid":3,"index":0,"weight":1,"style":[]},{"grid":4,"index":0,"weight":1,"style":[]},{"grid":5,"index":0,"weight":1,"style":[]},{"grid":6,"index":0,"weight":1,"style":[]}],"name":"One Pager"}